{"cameraMode":{"drawMode":0,"name":"Shaded","section":"Shading Mode"},"sceneLighting":false,"audioPlay":false,"sceneViewState":{"m_AlwaysRefresh":false,"showFog":true,"showSkybox":false,"showFlares":true,"showImageEffects":true,"showParticleSystems":true,"showVisualEffectGraphs":true,"m_FxEnabled":true},"in2DMode":false,"pivot":{"x":-2.1257710456848146,"y":1.2921571731567383,"z":-2.281472682952881},"rotation":{"x":0.006739863194525242,"y":-0.9994909763336182,"z":0.06615392118692398,"w":-0.017493532970547677},"size":2.916625499725342,"orthographic":false}