{"cameraMode":{"drawMode":0,"name":"Shaded","section":"Shading Mode"},"sceneLighting":false,"audioPlay":false,"sceneViewState":{"m_AlwaysRefresh":false,"showFog":true,"showSkybox":false,"showFlares":true,"showImageEffects":true,"showParticleSystems":true,"showVisualEffectGraphs":true,"m_FxEnabled":true},"in2DMode":false,"pivot":{"x":0.05528362840414047,"y":0.09129410237073899,"z":-1.3357274532318116},"rotation":{"x":0.017393315210938455,"y":0.9784690141677856,"z":-0.13678602874279023,"w":0.16570638120174409},"size":1.5938189029693604,"orthographic":false}