{"cameraMode":{"drawMode":0,"name":"Shaded","section":"Shading Mode"},"sceneLighting":false,"audioPlay":false,"sceneViewState":{"m_AlwaysRefresh":false,"showFog":true,"showSkybox":false,"showFlares":true,"showImageEffects":true,"showParticleSystems":true,"showVisualEffectGraphs":true,"m_FxEnabled":true},"in2DMode":false,"pivot":{"x":0.00042312219738960266,"y":-0.02561124600470066,"z":0.009509027004241944},"rotation":{"x":0.05970771983265877,"y":0.905589759349823,"z":-0.14859551191329957,"w":0.3976811170578003},"size":0.09136637300252915,"orthographic":false}