{"cameraMode":{"drawMode":0,"name":"Shaded","section":"Shading Mode"},"sceneLighting":false,"audioPlay":false,"sceneViewState":{"m_AlwaysRefresh":false,"showFog":true,"showSkybox":false,"showFlares":true,"showImageEffects":true,"showParticleSystems":true,"showVisualEffectGraphs":true,"m_FxEnabled":true},"in2DMode":false,"pivot":{"x":0.0009583979845046997,"y":0.0003032758831977844,"z":-0.00010059773921966553},"rotation":{"x":-0.055760618299245837,"y":0.9170600175857544,"z":-0.12118615955114365,"w":-0.38085469603538515},"size":0.1378895342350006,"orthographic":false}