{"cameraMode":{"drawMode":0,"name":"Shaded","section":"Shading Mode"},"sceneLighting":false,"audioPlay":false,"sceneViewState":{"m_AlwaysRefresh":false,"showFog":true,"showSkybox":false,"showFlares":true,"showImageEffects":true,"showParticleSystems":true,"showVisualEffectGraphs":true,"m_FxEnabled":true},"in2DMode":false,"pivot":{"x":-0.013467371463775635,"y":0.3551764488220215,"z":1.1217824220657349},"rotation":{"x":-0.0041025602258741859,"y":0.7541233897209168,"z":0.005641391035169363,"w":-0.6595999598503113},"size":1.5176066160202027,"orthographic":false}