{"cameraMode":{"drawMode":0,"name":"Shaded","section":"Shading Mode"},"sceneLighting":false,"audioPlay":false,"sceneViewState":{"m_AlwaysRefresh":false,"showFog":true,"showSkybox":false,"showFlares":true,"showImageEffects":true,"showParticleSystems":true,"showVisualEffectGraphs":true,"m_FxEnabled":true},"in2DMode":false,"pivot":{"x":-0.13899409770965577,"y":0.6234060525894165,"z":-0.18377304077148438},"rotation":{"x":0.010960433632135392,"y":-0.9939976334571838,"z":0.12110383808612824,"w":0.03081914409995079},"size":0.8781259059906006,"orthographic":false}