{"cameraMode":{"drawMode":0,"name":"Shaded","section":"Shading Mode"},"sceneLighting":false,"audioPlay":false,"sceneViewState":{"m_AlwaysRefresh":false,"showFog":true,"showSkybox":false,"showFlares":true,"showImageEffects":true,"showParticleSystems":true,"showVisualEffectGraphs":true,"m_FxEnabled":true},"in2DMode":false,"pivot":{"x":-0.0035493625327944757,"y":0.09873240441083908,"z":-0.038822565227746966},"rotation":{"x":-0.02312183752655983,"y":-0.9014206528663635,"z":0.06712096929550171,"w":-0.4314182698726654},"size":0.23385483026504517,"orthographic":false}