{"cameraMode":{"drawMode":0,"name":"Shaded","section":"Shading Mode"},"sceneLighting":false,"audioPlay":false,"sceneViewState":{"m_AlwaysRefresh":false,"showFog":true,"showSkybox":false,"showFlares":true,"showImageEffects":true,"showParticleSystems":true,"showVisualEffectGraphs":true,"m_FxEnabled":true},"in2DMode":false,"pivot":{"x":-0.10195081681013107,"y":0.3349125385284424,"z":0.5900176167488098},"rotation":{"x":0.010493792593479157,"y":0.690360963344574,"z":0.019550230354070665,"w":-0.7257609367370606},"size":0.9865031838417053,"orthographic":false}