{"cameraMode":{"drawMode":0,"name":"Shaded","section":"Shading Mode"},"sceneLighting":false,"audioPlay":false,"sceneViewState":{"m_AlwaysRefresh":false,"showFog":true,"showSkybox":false,"showFlares":true,"showImageEffects":true,"showParticleSystems":true,"showVisualEffectGraphs":true,"m_FxEnabled":true},"in2DMode":false,"pivot":{"x":-0.8863324522972107,"y":1.9642105102539063,"z":0.4054333567619324},"rotation":{"x":0.1290113478899002,"y":0.20220951735973359,"z":-0.03575669229030609,"w":0.9720118641853333},"size":1.7466564178466797,"orthographic":false}