{"cameraMode":{"drawMode":0,"name":"Shaded","section":"Shading Mode"},"sceneLighting":false,"audioPlay":false,"sceneViewState":{"m_AlwaysRefresh":false,"showFog":true,"showSkybox":false,"showFlares":true,"showImageEffects":true,"showParticleSystems":true,"showVisualEffectGraphs":true,"m_FxEnabled":true},"in2DMode":false,"pivot":{"x":0.03959587216377258,"y":0.12867890298366548,"z":0.18364299833774568},"rotation":{"x":0.010304491966962815,"y":-0.9939392805099487,"z":0.12420327961444855,"w":0.01660725101828575},"size":0.06283347308635712,"orthographic":false}