{"cameraMode":{"drawMode":0,"name":"Shaded","section":"Shading Mode"},"sceneLighting":false,"audioPlay":false,"sceneViewState":{"m_AlwaysRefresh":false,"showFog":true,"showSkybox":false,"showFlares":true,"showImageEffects":true,"showParticleSystems":true,"showVisualEffectGraphs":true,"m_FxEnabled":true},"in2DMode":false,"pivot":{"x":-0.09619704633951187,"y":0.15278378129005433,"z":-0.23674409091472627},"rotation":{"x":-0.00968654453754425,"y":-0.9837468862533569,"z":0.14510972797870637,"w":-0.12166561931371689},"size":0.41841453313827517,"orthographic":false}