{"cameraMode":{"drawMode":0,"name":"Shaded","section":"Shading Mode"},"sceneLighting":false,"audioPlay":false,"sceneViewState":{"m_AlwaysRefresh":false,"showFog":true,"showSkybox":false,"showFlares":true,"showImageEffects":true,"showParticleSystems":true,"showVisualEffectGraphs":true,"m_FxEnabled":true},"in2DMode":false,"pivot":{"x":0.021332798525691034,"y":0.028399715200066568,"z":0.2050858587026596},"rotation":{"x":-0.007577100768685341,"y":0.9960446953773499,"z":-0.106326624751091,"w":-0.018849195912480356},"size":0.32673677802085879,"orthographic":false}