{"cameraMode":{"drawMode":0,"name":"Shaded","section":"Shading Mode"},"sceneLighting":false,"audioPlay":false,"sceneViewState":{"m_AlwaysRefresh":false,"showFog":true,"showSkybox":false,"showFlares":true,"showImageEffects":true,"showParticleSystems":true,"showVisualEffectGraphs":true,"m_FxEnabled":true},"in2DMode":false,"pivot":{"x":-0.12885627150535584,"y":0.2818138599395752,"z":-0.0036627743393182756},"rotation":{"x":0.022363310679793359,"y":0.7478052377700806,"z":-0.03635126352310181,"w":0.6653562188148499},"size":0.39255383610725405,"orthographic":false}