{"cameraMode":{"drawMode":0,"name":"Shaded","section":"Shading Mode"},"sceneLighting":false,"audioPlay":false,"sceneViewState":{"m_AlwaysRefresh":false,"showFog":true,"showSkybox":false,"showFlares":true,"showImageEffects":true,"showParticleSystems":true,"showVisualEffectGraphs":true,"m_FxEnabled":true},"in2DMode":false,"pivot":{"x":-0.4384789764881134,"y":1.0072777271270753,"z":-0.006904249545186758},"rotation":{"x":0.11914634704589844,"y":0.41387179493904116,"z":-0.06423599272966385,"w":0.9022228121757507},"size":1.2263882160186768,"orthographic":false}