{"cameraMode":{"drawMode":0,"name":"Shaded","section":"Shading Mode"},"sceneLighting":false,"audioPlay":false,"sceneViewState":{"m_AlwaysRefresh":false,"showFog":true,"showSkybox":false,"showFlares":true,"showImageEffects":true,"showParticleSystems":true,"showVisualEffectGraphs":true,"m_FxEnabled":true},"in2DMode":false,"pivot":{"x":-2.500001907348633,"y":1.500000238418579,"z":0.0788869857788086},"rotation":{"x":-0.030384493991732599,"y":0.028687981888651849,"z":0.016165103763341905,"w":-0.9991209506988525},"size":2.916548013687134,"orthographic":false}