{"cameraMode":{"drawMode":0,"name":"Shaded","section":"Shading Mode"},"sceneLighting":false,"audioPlay":false,"sceneViewState":{"m_AlwaysRefresh":false,"showFog":true,"showSkybox":false,"showFlares":true,"showImageEffects":true,"showParticleSystems":true,"showVisualEffectGraphs":true,"m_FxEnabled":true},"in2DMode":false,"pivot":{"x":-0.37663060426712038,"y":0.192537322640419,"z":-0.014415196143090725},"rotation":{"x":0.11896321177482605,"y":0.6695176362991333,"z":-0.12021014839410782,"w":0.7258584499359131},"size":0.24016828835010529,"orthographic":false}