{"cameraMode":{"drawMode":0,"name":"Shaded","section":"Shading Mode"},"sceneLighting":false,"audioPlay":false,"sceneViewState":{"m_AlwaysRefresh":false,"showFog":true,"showSkybox":false,"showFlares":true,"showImageEffects":true,"showParticleSystems":true,"showVisualEffectGraphs":true,"m_FxEnabled":true},"in2DMode":false,"pivot":{"x":0.37132370471954348,"y":0.38008740544319155,"z":0.01342738140374422},"rotation":{"x":-0.10835953056812287,"y":0.8449485301971436,"z":-0.17167627811431886,"w":-0.4986560046672821},"size":0.6557963490486145,"orthographic":false}