{"cameraMode":{"drawMode":0,"name":"Shaded","section":"Shading Mode"},"sceneLighting":false,"audioPlay":false,"sceneViewState":{"m_AlwaysRefresh":false,"showFog":false,"showSkybox":false,"showFlares":false,"showImageEffects":false,"showParticleSystems":false,"showVisualEffectGraphs":true,"m_FxEnabled":true},"in2DMode":false,"pivot":{"x":0.6395906209945679,"y":0.8561758995056152,"z":-2.079894781112671},"rotation":{"x":0.0029345329385250808,"y":-0.9861369132995606,"z":0.12107640504837036,"w":-0.11560556292533875},"size":1.6268340349197388,"orthographic":false}