{"cameraMode":{"drawMode":0,"name":"Shaded","section":"Shading Mode"},"sceneLighting":false,"audioPlay":false,"sceneViewState":{"m_AlwaysRefresh":false,"showFog":true,"showSkybox":false,"showFlares":true,"showImageEffects":true,"showParticleSystems":true,"showVisualEffectGraphs":true,"m_FxEnabled":true},"in2DMode":false,"pivot":{"x":0.19587397575378419,"y":0.5515405535697937,"z":0.27993088960647585},"rotation":{"x":-0.011365892365574837,"y":0.9935892820358276,"z":-0.11796540766954422,"w":-0.05100906640291214},"size":0.8257834315299988,"orthographic":false}