{"cameraMode":{"drawMode":0,"name":"Shaded","section":"Shading Mode"},"sceneLighting":false,"audioPlay":false,"sceneViewState":{"m_AlwaysRefresh":false,"showFog":true,"showSkybox":false,"showFlares":true,"showImageEffects":true,"showParticleSystems":true,"showVisualEffectGraphs":true,"m_FxEnabled":true},"in2DMode":false,"pivot":{"x":-0.033208757638931277,"y":1.0313799381256104,"z":0.30814796686172488},"rotation":{"x":0.023622700944542886,"y":0.9486870169639587,"z":-0.09010230004787445,"w":0.3085362911224365},"size":1.2255789041519166,"orthographic":false}