{"cameraMode":{"drawMode":0,"name":"Shaded","section":"Shading Mode"},"sceneLighting":false,"audioPlay":false,"sceneViewState":{"m_AlwaysRefresh":false,"showFog":true,"showSkybox":false,"showFlares":true,"showImageEffects":true,"showParticleSystems":true,"showVisualEffectGraphs":true,"m_FxEnabled":true},"in2DMode":false,"pivot":{"x":0.005300208926200867,"y":-1.1480073928833008,"z":-0.004466288257390261},"rotation":{"x":0.09263570606708527,"y":0.5229754447937012,"z":-0.06735247373580933,"w":0.8467565774917603},"size":0.9859273433685303,"orthographic":false}