{"cameraMode":{"drawMode":0,"name":"Shaded","section":"Shading Mode"},"sceneLighting":false,"audioPlay":false,"sceneViewState":{"m_AlwaysRefresh":false,"showFog":true,"showSkybox":true,"showFlares":true,"showImageEffects":true,"showParticleSystems":true,"showVisualEffectGraphs":true,"m_FxEnabled":true},"in2DMode":false,"pivot":{"x":2.9594571590423586,"y":-1.8642362356185914,"z":-32.67857360839844},"rotation":{"x":0.0013800164451822639,"y":-0.9941486716270447,"z":0.10571466386318207,"w":-0.05174005776643753},"size":17.61391830444336,"orthographic":false}