{"cameraMode":{"drawMode":0,"name":"Shaded","section":"Shading Mode"},"sceneLighting":false,"audioPlay":false,"sceneViewState":{"m_AlwaysRefresh":false,"showFog":true,"showSkybox":true,"showFlares":true,"showImageEffects":true,"showParticleSystems":true,"showVisualEffectGraphs":true,"m_FxEnabled":true},"in2DMode":false,"pivot":{"x":6.181077480316162,"y":-5.890022277832031,"z":-42.83625030517578},"rotation":{"x":-0.0011511566117405892,"y":-0.9899394512176514,"z":0.13228698074817658,"w":-0.06976325064897537},"size":23.754878997802736,"orthographic":false}