{"cameraMode":{"drawMode":0,"name":"Shaded","section":"Shading Mode"},"sceneLighting":false,"audioPlay":false,"sceneViewState":{"m_AlwaysRefresh":false,"showFog":true,"showSkybox":true,"showFlares":true,"showImageEffects":true,"showParticleSystems":true,"showVisualEffectGraphs":true,"m_FxEnabled":true},"in2DMode":false,"pivot":{"x":-1.219084620475769,"y":5.93733024597168,"z":8.435691833496094},"rotation":{"x":-0.013261743821203709,"y":-0.07886023819446564,"z":-0.0076200091280043129,"w":0.9977039694786072},"size":4.1974639892578129,"orthographic":false}