{"cameraMode":{"drawMode":0,"name":"Shaded","section":"Shading Mode"},"sceneLighting":true,"audioPlay":false,"sceneViewState":{"m_AlwaysRefresh":false,"showFog":true,"showSkybox":true,"showFlares":true,"showImageEffects":true,"showParticleSystems":true,"showVisualEffectGraphs":true,"m_FxEnabled":true},"in2DMode":false,"pivot":{"x":-13.164118766784668,"y":0.07965245842933655,"z":-15.207754135131836},"rotation":{"x":0.017875641584396364,"y":-0.8264610171318054,"z":0.025578666478395463,"w":0.5626769065856934},"size":10.449999809265137,"orthographic":false}