{"cameraMode":{"drawMode":0,"name":"Shaded","section":"Shading Mode"},"sceneLighting":true,"audioPlay":false,"sceneViewState":{"m_AlwaysRefresh":false,"showFog":true,"showSkybox":true,"showFlares":true,"showImageEffects":true,"showParticleSystems":true,"showVisualEffectGraphs":true,"m_FxEnabled":true},"in2DMode":false,"pivot":{"x":103.14346313476563,"y":-4.6735453605651859,"z":104.45130157470703},"rotation":{"x":0.024173129349946977,"y":0.3798108696937561,"z":-0.009859992191195488,"w":0.9247942566871643},"size":74.11150360107422,"orthographic":false}