{"cameraMode":{"drawMode":0,"name":"Shaded","section":"Shading Mode"},"sceneLighting":true,"audioPlay":false,"sceneViewState":{"m_AlwaysRefresh":false,"showFog":true,"showSkybox":true,"showFlares":true,"showImageEffects":true,"showParticleSystems":true,"showVisualEffectGraphs":true,"m_FxEnabled":true},"in2DMode":false,"pivot":{"x":0.10857466608285904,"y":-1.9017479419708253,"z":3.7184951305389406},"rotation":{"x":-0.4185062646865845,"y":-0.01512107253074646,"z":0.007048755418509245,"w":-0.9084568619728088},"size":2.8540992736816408,"orthographic":false}