{"cameraMode":{"drawMode":0,"name":"Shaded","section":"Shading Mode"},"sceneLighting":false,"audioPlay":false,"sceneViewState":{"m_AlwaysRefresh":false,"showFog":true,"showSkybox":true,"showFlares":true,"showImageEffects":true,"showParticleSystems":true,"showVisualEffectGraphs":true,"m_FxEnabled":true},"in2DMode":false,"pivot":{"x":36.799434661865237,"y":-10.300345420837403,"z":-21.336944580078126},"rotation":{"x":0.07463666051626206,"y":0.8607500195503235,"z":-0.14733031392097474,"w":0.4838005006313324},"size":23.970108032226564,"orthographic":false}