{"cameraMode":{"drawMode":0,"name":"Shaded","section":"Shading Mode"},"sceneLighting":false,"audioPlay":false,"sceneViewState":{"m_AlwaysRefresh":false,"showFog":true,"showSkybox":true,"showFlares":true,"showImageEffects":true,"showParticleSystems":true,"showVisualEffectGraphs":true,"m_FxEnabled":true},"in2DMode":false,"pivot":{"x":0.003209515009075403,"y":2.704458236694336,"z":-5.81398344039917},"rotation":{"x":0.019688734784722329,"y":-0.9750096201896668,"z":0.21750973165035249,"w":0.05725671350955963},"size":3.9814095497131349,"orthographic":false}