{"cameraMode":{"drawMode":0,"name":"Shaded","section":"Shading Mode"},"sceneLighting":false,"audioPlay":false,"sceneViewState":{"m_AlwaysRefresh":false,"showFog":true,"showSkybox":true,"showFlares":true,"showImageEffects":true,"showParticleSystems":true,"showVisualEffectGraphs":true,"m_FxEnabled":true},"in2DMode":false,"pivot":{"x":-3.7453718185424806,"y":-1.3783414363861085,"z":-0.5618458986282349},"rotation":{"x":0.16822487115859986,"y":0.1532616764307022,"z":-0.043900638818740848,"w":0.9729892611503601},"size":0.7480869889259338,"orthographic":false}