{"cameraMode":{"drawMode":0,"name":"Shaded","section":"Shading Mode"},"sceneLighting":false,"audioPlay":false,"sceneViewState":{"m_AlwaysRefresh":false,"showFog":true,"showSkybox":true,"showFlares":true,"showImageEffects":true,"showParticleSystems":true,"showVisualEffectGraphs":true,"m_FxEnabled":true},"in2DMode":false,"pivot":{"x":-1.7173737287521363,"y":1.5582818984985352,"z":17.20578956604004},"rotation":{"x":-0.1193796768784523,"y":0.027472438290715219,"z":0.003312201239168644,"w":-0.993802547454834},"size":9.396381378173829,"orthographic":false}