{"cameraMode":{"drawMode":0,"name":"Shaded","section":"Shading Mode"},"sceneLighting":false,"audioPlay":false,"sceneViewState":{"m_AlwaysRefresh":false,"showFog":true,"showSkybox":false,"showFlares":true,"showImageEffects":true,"showParticleSystems":true,"showVisualEffectGraphs":true,"m_FxEnabled":true},"in2DMode":false,"pivot":{"x":0.0015504993498325348,"y":0.0041885823011398319,"z":0.33856624364852908},"rotation":{"x":0.05970771983265877,"y":0.905589759349823,"z":-0.14859551191329957,"w":0.3976811170578003},"size":0.7080944180488586,"orthographic":false}