{"cameraMode":{"drawMode":0,"name":"Shaded","section":"Shading Mode"},"sceneLighting":false,"audioPlay":false,"sceneViewState":{"m_AlwaysRefresh":false,"showFog":true,"showSkybox":false,"showFlares":true,"showImageEffects":true,"showParticleSystems":true,"showVisualEffectGraphs":true,"m_FxEnabled":true},"in2DMode":false,"pivot":{"x":-0.15954555571079255,"y":0.6367582082748413,"z":-0.15252354741096497},"rotation":{"x":0.06315924972295761,"y":0.14444884657859803,"z":-0.014028961770236493,"w":0.989361047744751},"size":0.88630610704422,"orthographic":false}