{"cameraMode":{"drawMode":0,"name":"Shaded","section":"Shading Mode"},"sceneLighting":false,"audioPlay":false,"sceneViewState":{"m_AlwaysRefresh":false,"showFog":true,"showSkybox":false,"showFlares":true,"showImageEffects":true,"showParticleSystems":true,"showVisualEffectGraphs":true,"m_FxEnabled":true},"in2DMode":false,"pivot":{"x":-0.41555970907211306,"y":0.008600860834121704,"z":0.3629318177700043},"rotation":{"x":-0.09344988316297531,"y":-0.7329996228218079,"z":0.11530093848705292,"w":-0.6666391491889954},"size":0.1671445071697235,"orthographic":false}