{"cameraMode":{"drawMode":0,"name":"Shaded","section":"Shading Mode"},"sceneLighting":false,"audioPlay":false,"sceneViewState":{"m_AlwaysRefresh":false,"showFog":true,"showSkybox":false,"showFlares":true,"showImageEffects":true,"showParticleSystems":true,"showVisualEffectGraphs":true,"m_FxEnabled":true},"in2DMode":false,"pivot":{"x":-2.499993085861206,"y":1.7140512466430665,"z":0.13031959533691407},"rotation":{"x":0.006149390712380409,"y":-0.9992931485176086,"z":0.06621202826499939,"w":-0.02648831158876419},"size":1.9385836124420167,"orthographic":false}