{"cameraMode":{"drawMode":0,"name":"Shaded","section":"Shading Mode"},"sceneLighting":false,"audioPlay":false,"sceneViewState":{"m_AlwaysRefresh":false,"showFog":true,"showSkybox":false,"showFlares":true,"showImageEffects":true,"showParticleSystems":true,"showVisualEffectGraphs":true,"m_FxEnabled":true},"in2DMode":false,"pivot":{"x":-0.01006317138671875,"y":0.008441977202892304,"z":-0.00016977638006210327},"rotation":{"x":-0.05810384824872017,"y":-0.898475706577301,"z":0.14618895947933198,"w":-0.4143843352794647},"size":0.1688797026872635,"orthographic":false}