{"cameraMode":{"drawMode":0,"name":"Shaded","section":"Shading Mode"},"sceneLighting":false,"audioPlay":false,"sceneViewState":{"m_AlwaysRefresh":false,"showFog":true,"showSkybox":false,"showFlares":true,"showImageEffects":true,"showParticleSystems":true,"showVisualEffectGraphs":true,"m_FxEnabled":true},"in2DMode":false,"pivot":{"x":0.1252441555261612,"y":0.20135729014873506,"z":0.8985602259635925},"rotation":{"x":-0.17317557334899903,"y":0.28939205408096316,"z":-0.04692576080560684,"w":-0.9422686696052551},"size":1.4847145080566407,"orthographic":false}