{"cameraMode":{"drawMode":0,"name":"Shaded","section":"Shading Mode"},"sceneLighting":false,"audioPlay":false,"sceneViewState":{"m_AlwaysRefresh":false,"showFog":true,"showSkybox":false,"showFlares":true,"showImageEffects":true,"showParticleSystems":true,"showVisualEffectGraphs":true,"m_FxEnabled":true},"in2DMode":false,"pivot":{"x":-0.0001275036484003067,"y":-0.05739559233188629,"z":0.2117680311203003},"rotation":{"x":0.05970771983265877,"y":0.905589759349823,"z":-0.14859551191329957,"w":0.3976811170578003},"size":0.6171121001243591,"orthographic":false}