{"cameraMode":{"drawMode":0,"name":"Shaded","section":"Shading Mode"},"sceneLighting":false,"audioPlay":false,"sceneViewState":{"m_AlwaysRefresh":false,"showFog":true,"showSkybox":false,"showFlares":true,"showImageEffects":true,"showParticleSystems":true,"showVisualEffectGraphs":true,"m_FxEnabled":true},"in2DMode":false,"pivot":{"x":-0.20897847414016725,"y":0.5558006167411804,"z":0.05857968330383301},"rotation":{"x":-0.07386109232902527,"y":0.9294987916946411,"z":-0.21562232077121736,"w":-0.29659542441368105},"size":1.0721908807754517,"orthographic":false}