{"cameraMode":{"drawMode":0,"name":"Shaded","section":"Shading Mode"},"sceneLighting":false,"audioPlay":false,"sceneViewState":{"m_AlwaysRefresh":false,"showFog":true,"showSkybox":false,"showFlares":true,"showImageEffects":true,"showParticleSystems":true,"showVisualEffectGraphs":true,"m_FxEnabled":true},"in2DMode":false,"pivot":{"x":-1.9153088331222535,"y":0.18051357567310334,"z":1.6208025217056275},"rotation":{"x":-0.09865682572126389,"y":-0.8444839715957642,"z":0.18079839646816255,"w":-0.49812114238739016},"size":3.658724308013916,"orthographic":false}