{"cameraMode":{"drawMode":0,"name":"Shaded","section":"Shading Mode"},"sceneLighting":false,"audioPlay":false,"sceneViewState":{"m_AlwaysRefresh":false,"showFog":true,"showSkybox":false,"showFlares":true,"showImageEffects":true,"showParticleSystems":true,"showVisualEffectGraphs":true,"m_FxEnabled":true},"in2DMode":false,"pivot":{"x":0.41257309913635256,"y":0.06015627831220627,"z":0.0534924641251564},"rotation":{"x":-0.02277241460978985,"y":-0.7163394689559937,"z":0.03439295291900635,"w":-0.699190080165863},"size":0.5601783394813538,"orthographic":false}