{"cameraMode":{"drawMode":0,"name":"Shaded","section":"Shading Mode"},"sceneLighting":false,"audioPlay":false,"sceneViewState":{"m_AlwaysRefresh":false,"showFog":true,"showSkybox":false,"showFlares":true,"showImageEffects":true,"showParticleSystems":true,"showVisualEffectGraphs":true,"m_FxEnabled":true},"in2DMode":false,"pivot":{"x":0.10412059724330902,"y":0.3971245288848877,"z":-0.043705809861421588},"rotation":{"x":-0.047861095517873767,"y":0.8935964107513428,"z":-0.0850757285952568,"w":-0.4424974024295807},"size":0.42469289898872378,"orthographic":false}