{"cameraMode":{"drawMode":0,"name":"Shaded","section":"Shading Mode"},"sceneLighting":false,"audioPlay":false,"sceneViewState":{"m_AlwaysRefresh":false,"showFog":true,"showSkybox":false,"showFlares":true,"showImageEffects":true,"showParticleSystems":true,"showVisualEffectGraphs":true,"m_FxEnabled":true},"in2DMode":false,"pivot":{"x":-1.8936536312103272,"y":1.439447045326233,"z":-2.757735252380371},"rotation":{"x":0.011451326310634613,"y":-1.0010731220245362,"z":0.037552811205387118,"w":0.024739140644669534},"size":2.9166202545166017,"orthographic":false}