{"cameraMode":{"drawMode":0,"name":"Shaded","section":"Shading Mode"},"sceneLighting":false,"audioPlay":false,"sceneViewState":{"m_AlwaysRefresh":false,"showFog":true,"showSkybox":false,"showFlares":true,"showImageEffects":true,"showParticleSystems":true,"showVisualEffectGraphs":true,"m_FxEnabled":true},"in2DMode":false,"pivot":{"x":-2.337221384048462,"y":1.7085542678833008,"z":-0.44917944073677065},"rotation":{"x":0.006149390712380409,"y":-0.9992931485176086,"z":0.06621202826499939,"w":-0.02648831158876419},"size":1.9354594945907593,"orthographic":false}