{"cameraMode":{"drawMode":0,"name":"Shaded","section":"Shading Mode"},"sceneLighting":false,"audioPlay":false,"sceneViewState":{"m_AlwaysRefresh":false,"showFog":true,"showSkybox":false,"showFlares":true,"showImageEffects":true,"showParticleSystems":true,"showVisualEffectGraphs":true,"m_FxEnabled":true},"in2DMode":false,"pivot":{"x":-0.7514266967773438,"y":0.0007378514856100082,"z":0.0000014901161193847657},"rotation":{"x":-0.06018656864762306,"y":0.649127185344696,"z":-0.04274754598736763,"w":-0.7596082091331482},"size":0.8820638656616211,"orthographic":false}