{"cameraMode":{"drawMode":0,"name":"Shaded","section":"Shading Mode"},"sceneLighting":false,"audioPlay":false,"sceneViewState":{"m_AlwaysRefresh":false,"showFog":true,"showSkybox":false,"showFlares":true,"showImageEffects":true,"showParticleSystems":true,"showVisualEffectGraphs":true,"m_FxEnabled":true},"in2DMode":false,"pivot":{"x":0.1388799101114273,"y":-0.3670129179954529,"z":0.6059999465942383},"rotation":{"x":0.31183934211730959,"y":-0.014500285498797894,"z":-0.003306443803012371,"w":0.951977550983429},"size":0.9740931391716003,"orthographic":false}