{"cameraMode":{"drawMode":0,"name":"Shaded","section":"Shading Mode"},"sceneLighting":false,"audioPlay":false,"sceneViewState":{"m_AlwaysRefresh":false,"showFog":true,"showSkybox":false,"showFlares":true,"showImageEffects":true,"showParticleSystems":true,"showVisualEffectGraphs":true,"m_FxEnabled":true},"in2DMode":false,"pivot":{"x":-2.384185791015625e-7,"y":-0.05572519078850746,"z":-0.25813722610473635},"rotation":{"x":-0.027270160615444185,"y":-0.9594365358352661,"z":0.13528209924697877,"w":-0.25327378511428835},"size":0.3339821696281433,"orthographic":false}