{"cameraMode":{"drawMode":0,"name":"Shaded","section":"Shading Mode"},"sceneLighting":false,"audioPlay":false,"sceneViewState":{"m_AlwaysRefresh":false,"showFog":true,"showSkybox":false,"showFlares":true,"showImageEffects":true,"showParticleSystems":true,"showVisualEffectGraphs":true,"m_FxEnabled":true},"in2DMode":false,"pivot":{"x":-0.0008906498551368713,"y":-0.11222076416015625,"z":0.0008021146059036255},"rotation":{"x":0.017393315210938455,"y":0.9784690141677856,"z":-0.13678602874279023,"w":0.16570638120174409},"size":0.18931935727596284,"orthographic":false}