{"cameraMode":{"drawMode":0,"name":"Shaded","section":"Shading Mode"},"sceneLighting":false,"audioPlay":false,"sceneViewState":{"m_AlwaysRefresh":false,"showFog":true,"showSkybox":false,"showFlares":true,"showImageEffects":true,"showParticleSystems":true,"showVisualEffectGraphs":true,"m_FxEnabled":true},"in2DMode":false,"pivot":{"x":0.1417517364025116,"y":0.25335437059402468,"z":-0.07913471013307572},"rotation":{"x":-0.2028609812259674,"y":0.394358366727829,"z":-0.0829450711607933,"w":-0.8945716619491577},"size":0.47175949811935427,"orthographic":false}