{"cameraMode":{"drawMode":0,"name":"Shaded","section":"Shading Mode"},"sceneLighting":false,"audioPlay":false,"sceneViewState":{"m_AlwaysRefresh":false,"showFog":true,"showSkybox":false,"showFlares":true,"showImageEffects":true,"showParticleSystems":true,"showVisualEffectGraphs":true,"m_FxEnabled":true},"in2DMode":false,"pivot":{"x":-0.0004785507917404175,"y":-0.01901230588555336,"z":0.08428406715393067},"rotation":{"x":0.05970771983265877,"y":0.905589759349823,"z":-0.14859551191329957,"w":0.3976811170578003},"size":0.17577672004699708,"orthographic":false}