{"cameraMode":{"drawMode":0,"name":"Shaded","section":"Shading Mode"},"sceneLighting":false,"audioPlay":false,"sceneViewState":{"m_AlwaysRefresh":false,"showFog":true,"showSkybox":false,"showFlares":true,"showImageEffects":true,"showParticleSystems":true,"showVisualEffectGraphs":true,"m_FxEnabled":true},"in2DMode":false,"pivot":{"x":0.015201753005385399,"y":0.057421911507844928,"z":-0.11625692248344422},"rotation":{"x":0.33402106165885928,"y":-0.6369167566299439,"z":0.3352794647216797,"w":0.6116194725036621},"size":0.18096201121807099,"orthographic":false}