{"cameraMode":{"drawMode":0,"name":"Shaded","section":"Shading Mode"},"sceneLighting":false,"audioPlay":false,"sceneViewState":{"m_AlwaysRefresh":false,"showFog":true,"showSkybox":false,"showFlares":true,"showImageEffects":true,"showParticleSystems":true,"showVisualEffectGraphs":true,"m_FxEnabled":true},"in2DMode":false,"pivot":{"x":1.1064043045043946,"y":5.492260456085205,"z":0.03139999508857727},"rotation":{"x":0.07380358874797821,"y":-0.7903957366943359,"z":0.08612058311700821,"w":0.6033430099487305},"size":0.03061581775546074,"orthographic":false}