{"cameraMode":{"drawMode":0,"name":"Shaded","section":"Shading Mode"},"sceneLighting":false,"audioPlay":false,"sceneViewState":{"m_AlwaysRefresh":false,"showFog":true,"showSkybox":false,"showFlares":true,"showImageEffects":true,"showParticleSystems":true,"showVisualEffectGraphs":true,"m_FxEnabled":true},"in2DMode":false,"pivot":{"x":1.215829849243164,"y":5.533227443695068,"z":0.034197427332401279},"rotation":{"x":0.05547461286187172,"y":-0.7150142788887024,"z":0.04771202430129051,"w":0.6964312791824341},"size":0.03061581775546074,"orthographic":false}