{"cameraMode":{"drawMode":0,"name":"Shaded","section":"Shading Mode"},"sceneLighting":false,"audioPlay":false,"sceneViewState":{"m_AlwaysRefresh":false,"showFog":true,"showSkybox":false,"showFlares":true,"showImageEffects":true,"showParticleSystems":true,"showVisualEffectGraphs":true,"m_FxEnabled":true},"in2DMode":false,"pivot":{"x":-0.2644484043121338,"y":0.722846508026123,"z":-0.27370119094848635},"rotation":{"x":-0.055760618299245837,"y":0.9170600175857544,"z":-0.12118615955114365,"w":-0.38085469603538515},"size":1.2477655410766602,"orthographic":false}