{"cameraMode":{"drawMode":0,"name":"Shaded","section":"Shading Mode"},"sceneLighting":false,"audioPlay":false,"sceneViewState":{"m_AlwaysRefresh":false,"showFog":true,"showSkybox":false,"showFlares":true,"showImageEffects":true,"showParticleSystems":true,"showVisualEffectGraphs":true,"m_FxEnabled":true},"in2DMode":false,"pivot":{"x":0.298246294260025,"y":-0.096354179084301,"z":0.0019592121243476869},"rotation":{"x":-0.09995771944522858,"y":0.8163483142852783,"z":-0.13813810050487519,"w":-0.555293083190918},"size":0.3214062750339508,"orthographic":false}