{"cameraMode":{"drawMode":0,"name":"Shaded","section":"Shading Mode"},"sceneLighting":false,"audioPlay":false,"sceneViewState":{"m_AlwaysRefresh":false,"showFog":true,"showSkybox":false,"showFlares":true,"showImageEffects":true,"showParticleSystems":true,"showVisualEffectGraphs":true,"m_FxEnabled":true},"in2DMode":false,"pivot":{"x":-0.1259855031967163,"y":-0.002939067780971527,"z":-0.003736932761967182},"rotation":{"x":0.05698776990175247,"y":-0.7142287492752075,"z":0.045006852596998218,"w":0.6988053917884827},"size":0.24918802082538606,"orthographic":false}